{
	"credit": "Made with Blockbench",
	"textures": {
		"0": "block/computer/screen",
		"1": "block/computer/mouse",
		"2": "block/computer/keyboard",
		"3": "block/computer/screenborder",
		"4": "block/computer/computcore",
		"5": "block/computer/basetop",
		"6": "block/computer/basecorndown",
		"particle": "block/computer/screen"
	},
	"elements": [
		{
			"from": [1, 0, 6],
			"to": [15, 12, 11],
			"rotation": {"angle": -22.5, "axis": "x", "origin": [0, 0, 0]},
			"faces": {
				"north": {"uv": [0, 0, 14, 12], "texture": "#3"},
				"east": {"uv": [0, 0, 14, 12], "texture": "#3"},
				"south": {"uv": [0, 0, 14, 12], "texture": "#0"},
				"west": {"uv": [0, 0, 14, 12], "texture": "#3"},
				"up": {"uv": [0, 0, 14, 12], "texture": "#3"},
				"down": {"uv": [0, 0, 14, 12], "texture": "#3"}
			}
		},
		{
			"from": [3, 2, 1],
			"to": [13, 9, 6],
			"rotation": {"angle": -22.5, "axis": "x", "origin": [0, 0, 0]},
			"faces": {
				"north": {"uv": [6, 9, 16, 16], "texture": "#4"},
				"east": {"uv": [0, 0, 5, 5], "texture": "#4"},
				"south": {"uv": [0, 0, 10, 7], "texture": "#missing"},
				"west": {"uv": [0, 0, 5, 5], "texture": "#4"},
				"up": {"uv": [0, 0, 10, 5], "texture": "#4"},
				"down": {"uv": [0, 0, 10, 5], "texture": "#4"}
			}
		},
		{
			"from": [5, 2, 1],
			"to": [11, 6, 3],
			"rotation": {"angle": 22.5, "axis": "x", "origin": [0, 0, 0]},
			"faces": {
				"north": {"uv": [0, 0, 6, 4], "texture": "#5"},
				"east": {"uv": [0, 0, 2, 4], "texture": "#5"},
				"south": {"uv": [0, 0, 6, 4], "texture": "#5"},
				"west": {"uv": [0, 0, 2, 4], "texture": "#5"},
				"up": {"uv": [0, 0, 6, 2], "texture": "#missing"},
				"down": {"uv": [0, 0, 6, 2], "texture": "#5"}
			}
		},
		{
			"from": [2, 0, 0],
			"to": [14, 1, 8],
			"faces": {
				"north": {"uv": [0, 0, 12, 1], "texture": "#6"},
				"east": {"uv": [0, 0, 8, 1], "texture": "#6"},
				"south": {"uv": [0, 0, 12, 1], "texture": "#6"},
				"west": {"uv": [0, 0, 8, 1], "texture": "#6"},
				"up": {"uv": [0, 0, 12, 8], "texture": "#3"},
				"down": {"uv": [4, 8, 16, 16], "texture": "#6"}
			}
		},
		{
			"from": [4, 1, 2],
			"to": [12, 2, 6],
			"faces": {
				"north": {"uv": [0, 12, 8, 13], "texture": "#3"},
				"east": {"uv": [0, 12, 4, 13], "texture": "#3"},
				"south": {"uv": [0, 12, 8, 13], "texture": "#3"},
				"west": {"uv": [0, 12, 4, 13], "texture": "#3"},
				"up": {"uv": [8, 12, 16, 16], "texture": "#3"},
				"down": {"uv": [0, 0, 8, 4], "texture": "#missing"}
			}
		},
		{
			"from": [0, 0, 10],
			"to": [16, 0.5, 16],
			"faces": {
				"north": {"uv": [0, 12, 16, 12.5], "texture": "#2"},
				"east": {"uv": [0, 12, 6, 12.5], "texture": "#2"},
				"south": {"uv": [0, 12, 16, 12.5], "texture": "#2"},
				"west": {"uv": [0, 12, 6, 12.5], "texture": "#2"},
				"up": {"uv": [0, 0, 16, 6], "texture": "#2"},
				"down": {"uv": [0, 6, 16, 12], "texture": "#2"}
			}
		},
		{
			"from": [12, 0, 14],
			"to": [15, 1, 18],
			"rotation": {"angle": 22.5, "axis": "y", "origin": [0, 0, 0]},
			"faces": {
				"north": {"uv": [13, 5, 16, 6], "texture": "#1"},
				"east": {"uv": [12, 4, 16, 5], "texture": "#1"},
				"south": {"uv": [13, 5, 16, 6], "texture": "#1"},
				"west": {"uv": [12, 4, 16, 5], "texture": "#1"},
				"up": {"uv": [13, 0, 16, 4], "texture": "#1"},
				"down": {"uv": [13, 0, 16, 4], "texture": "#1"}
			}
		},
		{
			"from": [12.5, 0.6, 13.9],
			"to": [14.5, 1.1, 15.65],
			"rotation": {"angle": 22.5, "axis": "y", "origin": [0, 0, 0]},
			"faces": {
				"north": {"uv": [0, 16, 2, 16.1], "texture": "#1"},
				"east": {"uv": [0, 16, 1.75, 16.1], "texture": "#1"},
				"south": {"uv": [0, 16, 2, 16.1], "texture": "#1"},
				"west": {"uv": [0, 16, 1.75, 16.1], "texture": "#1"},
				"up": {"uv": [0, 14, 2, 15.75], "texture": "#1"},
				"down": {"uv": [0, 0, 2, 1.75], "texture": "#missing"}
			}
		},
		{
			"from": [1, 0, 11],
			"to": [2, 12, 11.25],
			"rotation": {"angle": -22.5, "axis": "x", "origin": [0, 0, 0]},
			"faces": {
				"north": {"uv": [0, 0, 1, 12], "texture": "#missing"},
				"east": {"uv": [0, 0, 0.25, 12], "texture": "#3"},
				"south": {"uv": [0, 0, 1, 12], "texture": "#3"},
				"west": {"uv": [0, 0, 0.25, 12], "texture": "#3"},
				"up": {"uv": [0, 0, 1, 0.25], "texture": "#3"},
				"down": {"uv": [0, 0, 1, 0.25], "texture": "#3"}
			}
		},
		{
			"from": [14, 0, 11],
			"to": [15, 12, 11.25],
			"rotation": {"angle": -22.5, "axis": "x", "origin": [0, 0, 0]},
			"faces": {
				"north": {"uv": [0, 0, 1, 12], "texture": "#missing"},
				"east": {"uv": [0, 0, 0.25, 12], "texture": "#3"},
				"south": {"uv": [0, 0, 1, 12], "texture": "#3"},
				"west": {"uv": [0, 0, 0.25, 12], "texture": "#3"},
				"up": {"uv": [0, 0, 1, 0.25], "texture": "#3"},
				"down": {"uv": [0, 0, 1, 0.25], "texture": "#3"}
			}
		},
		{
			"from": [2, 11, 11],
			"to": [14, 12, 11.25],
			"rotation": {"angle": -22.5, "axis": "x", "origin": [0, 0, 0]},
			"faces": {
				"north": {"uv": [0, 0, 1, 12], "rotation": 90, "texture": "#missing"},
				"east": {"uv": [0, 0, 1, 0.25], "rotation": 270, "texture": "#missing"},
				"south": {"uv": [0, 0, 1, 12], "rotation": 270, "texture": "#3"},
				"west": {"uv": [0, 0, 1, 0.25], "rotation": 270, "texture": "#missing"},
				"up": {"uv": [0, 0, 0.25, 12], "rotation": 270, "texture": "#3"},
				"down": {"uv": [0, 0, 0.25, 12], "rotation": 270, "texture": "#3"}
			}
		},
		{
			"from": [2, 0, 11],
			"to": [14, 1, 11.25],
			"rotation": {"angle": -22.5, "axis": "x", "origin": [0, 0, 0]},
			"faces": {
				"north": {"uv": [0, 0, 1, 12], "rotation": 90, "texture": "#missing"},
				"east": {"uv": [0, 0, 1, 0.25], "rotation": 270, "texture": "#missing"},
				"south": {"uv": [0, 0, 1, 12], "rotation": 270, "texture": "#3"},
				"west": {"uv": [0, 0, 1, 0.25], "rotation": 270, "texture": "#missing"},
				"up": {"uv": [0, 0, 0.25, 12], "rotation": 270, "texture": "#3"},
				"down": {"uv": [0, 0, 0.25, 12], "rotation": 270, "texture": "#3"}
			}
		}
	],
	"display": {
		"thirdperson_lefthand": {
			"scale": [1, 1, 0.96]
		},
		"firstperson_righthand": {
			"rotation": [0, -36.25, 0],
			"translation": [0, 1.75, 0],
			"scale": [0.75, 0.75, 0.75]
		},
		"firstperson_lefthand": {
			"rotation": [0, -36.25, 0],
			"translation": [0, 1.75, 0],
			"scale": [0.75, 0.75, 0.75]
		},
		"ground": {
			"translation": [0, 1.25, 0],
			"scale": [0.5, 0.5, 0.5]
		},
		"gui": {
			"rotation": [45, 35.75, 0],
			"translation": [-1.25, 0.75, 0],
			"scale": [0.6, 0.6, 0.6]
		},
		"head": {
			"rotation": [0, -180, 0],
			"scale": [4, 4, 4]
		},
		"fixed": {
			"rotation": [-90, 0, 0],
			"translation": [0, 0, -19],
			"scale": [2, 2, 2]
		}
	},
	"groups": [
		{
			"name": "bone",
			"origin": [0, 0, 0],
			"color": 0,
			"children": [0, 1, 2, 3, 4, 5, 6, 7, 8, 9, 10, 11]
		}
	]
}