{
	"credit": "Made with Blockbench",
	"texture_size": [128, 128],
	"textures": {
		"1": "block/frigo/handle",
		"2": "block/frigo/sides",
		"5": "block/frigo/fridgemain",
		"particle": "block/frigo/sides"
	},
	"elements": [
		{
			"from": [0, -16, 16],
			"to": [16, 24, 32],
			"faces": {
				"north": {"uv": [0, 0, 4, 5], "texture": "#5"},
				"east": {"uv": [0, 0, 16, 16], "texture": "#2"},
				"south": {"uv": [0, 0, 16, 16], "texture": "#2"},
				"west": {"uv": [0, 0, 16, 16], "texture": "#2"},
				"up": {"uv": [16, 16, 0, 0], "texture": "#2"},
				"down": {"uv": [16, 0, 0, 16], "texture": "#2"}
			}
		},
		{
			"from": [4, 4, 15],
			"to": [6, 6, 16],
			"faces": {
				"north": {"uv": [0, 0, 16, 16], "texture": "#1"},
				"east": {"uv": [0, 0, 16, 16], "texture": "#1"},
				"south": {"uv": [0, 0, 16, 16], "texture": "#1"},
				"west": {"uv": [0, 0, 16, 16], "texture": "#1"},
				"up": {"uv": [0, 0, 0.375, 0.25], "texture": "#1"},
				"down": {"uv": [0, 0, 0.375, 0.25], "texture": "#1"}
			}
		},
		{
			"from": [4, -1, 14],
			"to": [6, 6, 15],
			"faces": {
				"north": {"uv": [0, 0, 16, 16], "texture": "#1"},
				"east": {"uv": [0, 0, 16, 16], "texture": "#1"},
				"south": {"uv": [0, 0, 16, 16], "texture": "#1"},
				"west": {"uv": [0, 0, 16, 16], "texture": "#1"},
				"up": {"uv": [0, 0, 0.375, 0.125], "texture": "#1"},
				"down": {"uv": [0, 0, 0.375, 0.125], "texture": "#1"}
			}
		},
		{
			"from": [4, -1, 15],
			"to": [6, 1, 16],
			"faces": {
				"north": {"uv": [0, 0, 16, 16], "texture": "#1"},
				"east": {"uv": [0, 0, 16, 16], "texture": "#1"},
				"south": {"uv": [0, 0, 16, 16], "texture": "#1"},
				"west": {"uv": [0, 0, 16, 16], "texture": "#1"},
				"up": {"uv": [0, 0, 0.375, 0.25], "texture": "#1"},
				"down": {"uv": [0, 0, 0.375, 0.25], "texture": "#1"}
			}
		}
	],
	"display": {
		"thirdperson_righthand": {
			"scale": [0.25, 0.25, 0.25]
		},
		"firstperson_righthand": {
			"scale": [0.25, 0.25, 0.25]
		},
		"firstperson_lefthand": {
			"scale": [0.25, 0.25, 0.25]
		},
		"ground": {
			"scale": [0.1, 0.1, 0.1]
		},
		"gui": {
			"scale": [0.15, 0.15, 0.15]
		},
		"head": {
			"scale": [0, 0, 0]
		},
		"fixed": {
			"translation": [0, 32, -48],
			"scale": [2, 2, 2]
		}
	}
}