{
	"credit": "Made with Blockbench",
	"parent": "book",
	"textures": {
		"1": "block/pedestal/pic",
		"2": "block/pedestal/pillar",
		"3": "block/pedestal/eye",
		"5": "block/pedestal/base",
		"6": "block/pedestal/top1",
		"7": "block/pedestal/toptop",
		"particle": "block/pedestal/top"
	},
	"elements": [
		{
			"from": [0, 0, 0],
			"to": [16, 2, 16],
			"faces": {
				"north": {"uv": [0, 0, 16, 2], "texture": "#5"},
				"east": {"uv": [0, 0, 16, 2], "texture": "#5"},
				"south": {"uv": [0, 0, 16, 2], "texture": "#5"},
				"west": {"uv": [0, 0, 16, 2], "texture": "#5"},
				"up": {"uv": [0, 0, 16, 16], "texture": "#5"},
				"down": {"uv": [0, 0, 16, 16], "texture": "#5"}
			}
		},
		{
			"from": [2, 2, 2],
			"to": [14, 3, 14],
			"faces": {
				"north": {"uv": [0, 0, 12, 1], "texture": "#5"},
				"east": {"uv": [0, 0, 12, 1], "texture": "#5"},
				"south": {"uv": [0, 0, 12, 1], "texture": "#5"},
				"west": {"uv": [0, 0, 12, 1], "texture": "#5"},
				"up": {"uv": [0, 0, 5, 4], "texture": "#5"},
				"down": {"uv": [0, 0, 12, 12], "texture": "#5"}
			}
		},
		{
			"from": [2, 16, 2],
			"to": [14, 17, 14],
			"faces": {
				"north": {"uv": [2, 7, 14, 8], "texture": "#6"},
				"east": {"uv": [2, 7, 14, 8], "texture": "#6"},
				"south": {"uv": [2, 7, 14, 8], "texture": "#6"},
				"west": {"uv": [2, 7, 14, 8], "texture": "#6"},
				"up": {"uv": [0, 0, 12, 12], "texture": "#6"},
				"down": {"uv": [0, 0, 9, 11], "texture": "#2"}
			}
		},
		{
			"from": [1, 17, 1],
			"to": [15, 18, 15],
			"faces": {
				"north": {"uv": [1, 7, 15, 8], "texture": "#6"},
				"east": {"uv": [1, 7, 15, 8], "texture": "#6"},
				"south": {"uv": [1, 7, 15, 8], "texture": "#6"},
				"west": {"uv": [1, 7, 15, 8], "texture": "#6"},
				"up": {"uv": [0, 0, 14, 14], "texture": "#6"},
				"down": {"uv": [0, 0, 9, 11], "texture": "#2"}
			}
		},
		{
			"from": [0, 18, 0],
			"to": [16, 19, 16],
			"faces": {
				"north": {"uv": [0, 7, 16, 8], "texture": "#6"},
				"east": {"uv": [0, 7, 16, 8], "texture": "#6"},
				"south": {"uv": [0, 7, 16, 8], "texture": "#6"},
				"west": {"uv": [0, 7, 16, 8], "texture": "#6"},
				"up": {"uv": [0, 0, 16, 16], "texture": "#7"},
				"down": {"uv": [0, 0, 16, 16], "texture": "#2"}
			}
		},
		{
			"from": [3, 3, 3],
			"to": [13, 16, 13],
			"faces": {
				"north": {"uv": [0, 0, 10, 13], "texture": "#2"},
				"east": {"uv": [0, 0, 10, 13], "texture": "#2"},
				"south": {"uv": [0, 0, 10, 13], "texture": "#2"},
				"west": {"uv": [0, 0, 10, 13], "texture": "#2"},
				"up": {"uv": [0, 0, 10, 10], "texture": "#2"},
				"down": {"uv": [0, 0, 10, 10], "texture": "#2"}
			}
		},
		{
			"from": [0, 19, 0],
			"to": [1, 21, 1],
			"rotation": {"angle": 0, "axis": "y", "origin": [1, 19, 15]},
			"faces": {
				"north": {"uv": [0, 0, 1, 2], "texture": "#1"},
				"east": {"uv": [0, 0, 1, 2], "texture": "#1"},
				"south": {"uv": [0, 0, 1, 2], "texture": "#1"},
				"west": {"uv": [0, 0, 1, 2], "texture": "#1"},
				"up": {"uv": [0, 0, 1, 1], "texture": "#1"},
				"down": {"uv": [0, 0, 1, 1], "texture": "#1"}
			}
		},
		{
			"from": [1, 19, 0],
			"to": [2, 20, 1],
			"rotation": {"angle": 0, "axis": "y", "origin": [1, 19, 15]},
			"faces": {
				"north": {"uv": [0, 0, 1, 1], "texture": "#1"},
				"east": {"uv": [0, 0, 1, 1], "texture": "#1"},
				"south": {"uv": [0, 0, 1, 1], "texture": "#1"},
				"west": {"uv": [0, 0, 1, 1], "texture": "#1"},
				"up": {"uv": [0, 0, 1, 1], "texture": "#1"},
				"down": {"uv": [0, 0, 1, 1], "texture": "#1"}
			}
		},
		{
			"from": [0, 19, 1],
			"to": [1, 20, 2],
			"rotation": {"angle": 0, "axis": "y", "origin": [1, 19, 15]},
			"faces": {
				"north": {"uv": [0, 0, 1, 1], "texture": "#1"},
				"east": {"uv": [0, 0, 1, 1], "texture": "#1"},
				"south": {"uv": [0, 0, 1, 1], "texture": "#1"},
				"west": {"uv": [0, 0, 1, 1], "texture": "#1"},
				"up": {"uv": [0, 0, 1, 1], "texture": "#1"},
				"down": {"uv": [0, 0, 1, 1], "texture": "#1"}
			}
		},
		{
			"from": [1, 19, 15],
			"to": [2, 20, 16],
			"rotation": {"angle": 0, "axis": "y", "origin": [1, 19, 15]},
			"faces": {
				"north": {"uv": [0, 0, 1, 1], "texture": "#1"},
				"east": {"uv": [0, 0, 1, 1], "texture": "#1"},
				"south": {"uv": [0, 0, 1, 1], "texture": "#1"},
				"west": {"uv": [0, 0, 1, 1], "texture": "#1"},
				"up": {"uv": [0, 0, 1, 1], "rotation": 270, "texture": "#1"},
				"down": {"uv": [0, 0, 1, 1], "rotation": 90, "texture": "#1"}
			}
		},
		{
			"from": [0, 19, 14],
			"to": [1, 20, 15],
			"rotation": {"angle": 0, "axis": "y", "origin": [1, 19, 15]},
			"faces": {
				"north": {"uv": [0, 0, 1, 1], "texture": "#1"},
				"east": {"uv": [0, 0, 1, 1], "texture": "#1"},
				"south": {"uv": [0, 0, 1, 1], "texture": "#1"},
				"west": {"uv": [0, 0, 1, 1], "texture": "#1"},
				"up": {"uv": [0, 0, 1, 1], "rotation": 270, "texture": "#1"},
				"down": {"uv": [0, 0, 1, 1], "rotation": 90, "texture": "#1"}
			}
		},
		{
			"from": [0, 19, 15],
			"to": [1, 21, 16],
			"rotation": {"angle": 0, "axis": "y", "origin": [1, 19, 15]},
			"faces": {
				"north": {"uv": [0, 0, 1, 2], "texture": "#1"},
				"east": {"uv": [0, 0, 1, 2], "texture": "#1"},
				"south": {"uv": [0, 0, 1, 2], "texture": "#1"},
				"west": {"uv": [0, 0, 1, 2], "texture": "#1"},
				"up": {"uv": [0, 0, 1, 1], "rotation": 270, "texture": "#1"},
				"down": {"uv": [0, 0, 1, 1], "rotation": 90, "texture": "#1"}
			}
		},
		{
			"from": [14, 19, 0],
			"to": [15, 20, 1],
			"rotation": {"angle": 0, "axis": "y", "origin": [1, 19, 15]},
			"faces": {
				"north": {"uv": [0, 0, 1, 1], "texture": "#1"},
				"east": {"uv": [0, 0, 1, 1], "texture": "#1"},
				"south": {"uv": [0, 0, 1, 1], "texture": "#1"},
				"west": {"uv": [0, 0, 1, 1], "texture": "#1"},
				"up": {"uv": [0, 0, 1, 1], "rotation": 90, "texture": "#1"},
				"down": {"uv": [0, 0, 1, 1], "rotation": 270, "texture": "#1"}
			}
		},
		{
			"from": [15, 19, 1],
			"to": [16, 20, 2],
			"rotation": {"angle": 0, "axis": "y", "origin": [1, 19, 15]},
			"faces": {
				"north": {"uv": [0, 0, 1, 1], "texture": "#1"},
				"east": {"uv": [0, 0, 1, 1], "texture": "#1"},
				"south": {"uv": [0, 0, 1, 1], "texture": "#1"},
				"west": {"uv": [0, 0, 1, 1], "texture": "#1"},
				"up": {"uv": [0, 0, 1, 1], "rotation": 90, "texture": "#1"},
				"down": {"uv": [0, 0, 1, 1], "rotation": 270, "texture": "#1"}
			}
		},
		{
			"from": [15, 19, 0],
			"to": [16, 21, 1],
			"rotation": {"angle": 0, "axis": "y", "origin": [1, 19, 15]},
			"faces": {
				"north": {"uv": [0, 0, 1, 2], "texture": "#1"},
				"east": {"uv": [0, 0, 1, 2], "texture": "#1"},
				"south": {"uv": [0, 0, 1, 2], "texture": "#1"},
				"west": {"uv": [0, 0, 1, 2], "texture": "#1"},
				"up": {"uv": [0, 0, 1, 1], "rotation": 90, "texture": "#1"},
				"down": {"uv": [0, 0, 1, 1], "rotation": 270, "texture": "#1"}
			}
		},
		{
			"from": [15, 19, 14],
			"to": [16, 20, 15],
			"rotation": {"angle": 0, "axis": "y", "origin": [1, 19, 15]},
			"faces": {
				"north": {"uv": [0, 0, 1, 1], "texture": "#1"},
				"east": {"uv": [0, 0, 1, 1], "texture": "#1"},
				"south": {"uv": [0, 0, 1, 1], "texture": "#1"},
				"west": {"uv": [0, 0, 1, 1], "texture": "#1"},
				"up": {"uv": [0, 0, 1, 1], "rotation": 180, "texture": "#1"},
				"down": {"uv": [0, 0, 1, 1], "rotation": 180, "texture": "#1"}
			}
		},
		{
			"from": [14, 19, 15],
			"to": [15, 20, 16],
			"rotation": {"angle": 0, "axis": "y", "origin": [1, 19, 15]},
			"faces": {
				"north": {"uv": [0, 0, 1, 1], "texture": "#1"},
				"east": {"uv": [0, 0, 1, 1], "texture": "#1"},
				"south": {"uv": [0, 0, 1, 1], "texture": "#1"},
				"west": {"uv": [0, 0, 1, 1], "texture": "#1"},
				"up": {"uv": [0, 0, 1, 1], "rotation": 180, "texture": "#1"},
				"down": {"uv": [0, 0, 1, 1], "rotation": 180, "texture": "#1"}
			}
		},
		{
			"from": [15, 19, 15],
			"to": [16, 21, 16],
			"rotation": {"angle": 0, "axis": "y", "origin": [1, 19, 15]},
			"faces": {
				"north": {"uv": [0, 0, 1, 2], "texture": "#1"},
				"east": {"uv": [0, 0, 1, 2], "texture": "#1"},
				"south": {"uv": [0, 0, 1, 2], "texture": "#1"},
				"west": {"uv": [0, 0, 1, 2], "texture": "#1"},
				"up": {"uv": [0, 0, 1, 1], "rotation": 180, "texture": "#1"},
				"down": {"uv": [0, 0, 1, 1], "rotation": 180, "texture": "#1"}
			}
		},
		{
			"from": [2.25, 5, 4],
			"to": [3, 13, 12],
			"rotation": {"angle": 0, "axis": "y", "origin": [2.25, 9, 8]},
			"faces": {
				"north": {"uv": [5, 4, 5.75, 12], "texture": "#3"},
				"east": {"uv": [0, 0, 8, 8], "texture": "#3"},
				"south": {"uv": [4, 4, 4.75, 12], "texture": "#3"},
				"west": {"uv": [4, 4, 12, 12], "texture": "#3"},
				"up": {"uv": [5, 4, 5.75, 12], "texture": "#3"},
				"down": {"uv": [5, 4, 5.75, 12], "texture": "#3"}
			}
		},
		{
			"from": [4.25, 5, 13],
			"to": [12.25, 13, 13.75],
			"rotation": {"angle": 0, "axis": "y", "origin": [2.25, 9, 8]},
			"faces": {
				"north": {"uv": [0, 0, 8, 8], "texture": "#3"},
				"east": {"uv": [4, 4, 4.75, 12], "texture": "#3"},
				"south": {"uv": [4, 4, 12, 12], "texture": "#3"},
				"west": {"uv": [5, 4, 5.75, 12], "texture": "#3"},
				"up": {"uv": [5, 4, 5.75, 12], "rotation": 270, "texture": "#3"},
				"down": {"uv": [5, 4, 5.75, 12], "rotation": 90, "texture": "#3"}
			}
		},
		{
			"from": [4, 5, 2.25],
			"to": [12, 13, 3],
			"rotation": {"angle": 0, "axis": "y", "origin": [2.25, 9, 8]},
			"faces": {
				"north": {"uv": [4, 4, 12, 12], "texture": "#3"},
				"east": {"uv": [5, 4, 5.75, 12], "texture": "#3"},
				"south": {"uv": [0, 0, 8, 8], "texture": "#3"},
				"west": {"uv": [4, 4, 4.75, 12], "texture": "#3"},
				"up": {"uv": [5, 4, 5.75, 12], "rotation": 90, "texture": "#3"},
				"down": {"uv": [5, 4, 5.75, 12], "rotation": 270, "texture": "#3"}
			}
		},
		{
			"from": [13, 5, 4],
			"to": [13.75, 13, 12],
			"rotation": {"angle": 0, "axis": "y", "origin": [2.25, 5, 4]},
			"faces": {
				"north": {"uv": [5, 4, 5.75, 12], "texture": "#3"},
				"east": {"uv": [4, 4, 12, 12], "texture": "#3"},
				"south": {"uv": [4, 4, 4.75, 12], "texture": "#3"},
				"west": {"uv": [0, 0, 8, 8], "texture": "#3"},
				"up": {"uv": [5, 4, 5.75, 12], "rotation": 180, "texture": "#3"},
				"down": {"uv": [5, 4, 5.75, 12], "rotation": 180, "texture": "#3"}
			}
		}
	],
	"display": {
		"fixed": {
			"rotation": [-90, 0, 0],
			"translation": [0, 0, -45],
			"scale": [2, 2, 2]
		}
	}
}