{
	"credit": "Made with Blockbench",
	"parent": "book",
	"textures": {
		"0": "block/door/door1",
		"3": "block/door/door2",
		"4": "block/door/door3",
		"5": "block/door/door4",
		"particle": "block/door/door1"
	},
	"elements": [
		{
			"from": [0, 0, 0],
			"to": [16, 1, 2],
			"faces": {
				"north": {"uv": [0, 0, 16, 1], "texture": "#0"},
				"east": {"uv": [0, 0, 2, 1], "texture": "#0"},
				"south": {"uv": [0, 0, 16, 1], "texture": "#0"},
				"west": {"uv": [0, 0, 2, 1], "texture": "#0"},
				"up": {"uv": [0, 0, 16, 2], "texture": "#0"},
				"down": {"uv": [0, 0, 16, 2], "texture": "#0"}
			}
		},
		{
			"from": [3, 31, 0],
			"to": [13, 32, 2],
			"rotation": {"angle": 0, "axis": "y", "origin": [8, 0, 1]},
			"faces": {
				"north": {"uv": [0, 0, 10, 1], "texture": "#0"},
				"east": {"uv": [0, 0, 2, 1], "texture": "#0"},
				"south": {"uv": [0, 0, 10, 1], "texture": "#0"},
				"west": {"uv": [0, 0, 2, 1], "texture": "#0"},
				"up": {"uv": [0, 0, 10, 2], "texture": "#0"},
				"down": {"uv": [0, 0, 10, 2], "texture": "#3"}
			}
		},
		{
			"from": [12, 30, 0],
			"to": [14, 31, 2],
			"rotation": {"angle": 0, "axis": "y", "origin": [2.5, 29.5, 1]},
			"faces": {
				"north": {"uv": [0, 0, 2, 1], "texture": "#0"},
				"east": {"uv": [0, 0, 2, 1], "texture": "#0"},
				"south": {"uv": [0, 0, 2, 1], "texture": "#0"},
				"west": {"uv": [0, 0, 2, 1], "texture": "#0"},
				"up": {"uv": [0, 0, 2, 2], "rotation": 180, "texture": "#0"},
				"down": {"uv": [0, 0, 2, 2], "rotation": 180, "texture": "#0"}
			}
		},
		{
			"from": [13, 29, 0],
			"to": [15, 30, 2],
			"rotation": {"angle": 0, "axis": "y", "origin": [2.5, 29.5, 1]},
			"faces": {
				"north": {"uv": [0, 0, 2, 1], "texture": "#0"},
				"east": {"uv": [0, 0, 2, 1], "texture": "#0"},
				"south": {"uv": [0, 0, 2, 1], "texture": "#0"},
				"west": {"uv": [0, 0, 2, 1], "texture": "#0"},
				"up": {"uv": [0, 0, 2, 2], "rotation": 180, "texture": "#0"},
				"down": {"uv": [0, 0, 2, 2], "rotation": 180, "texture": "#0"}
			}
		},
		{
			"from": [14, 28, 0],
			"to": [16, 29, 2],
			"rotation": {"angle": 0, "axis": "y", "origin": [2.5, 29.5, 1]},
			"faces": {
				"north": {"uv": [0, 0, 2, 1], "texture": "#0"},
				"east": {"uv": [0, 0, 2, 1], "texture": "#0"},
				"south": {"uv": [0, 0, 2, 1], "texture": "#0"},
				"west": {"uv": [0, 0, 2, 1], "texture": "#0"},
				"up": {"uv": [0, 0, 2, 2], "rotation": 180, "texture": "#0"},
				"down": {"uv": [0, 0, 2, 2], "rotation": 180, "texture": "#0"}
			}
		},
		{
			"from": [15, 1, 0],
			"to": [16, 28, 2],
			"faces": {
				"north": {"uv": [1, 0, 2, 16], "texture": "#0"},
				"east": {"uv": [5, 0, 7, 16], "texture": "#0"},
				"south": {"uv": [13, 0, 14, 16], "texture": "#0"},
				"west": {"uv": [8, 0, 10, 16], "texture": "#0"},
				"up": {"uv": [0, 0, 1, 2], "texture": "#missing"},
				"down": {"uv": [0, 0, 1, 2], "texture": "#missing"}
			}
		},
		{
			"from": [2, 30, 0],
			"to": [4, 31, 2],
			"faces": {
				"north": {"uv": [0, 0, 2, 1], "texture": "#0"},
				"east": {"uv": [0, 0, 2, 1], "texture": "#0"},
				"south": {"uv": [0, 0, 2, 1], "texture": "#0"},
				"west": {"uv": [0, 0, 2, 1], "texture": "#0"},
				"up": {"uv": [0, 0, 2, 2], "texture": "#0"},
				"down": {"uv": [0, 0, 2, 2], "texture": "#0"}
			}
		},
		{
			"from": [1, 29, 0],
			"to": [3, 30, 2],
			"faces": {
				"north": {"uv": [0, 0, 2, 1], "texture": "#0"},
				"east": {"uv": [0, 0, 2, 1], "texture": "#0"},
				"south": {"uv": [0, 0, 2, 1], "texture": "#0"},
				"west": {"uv": [0, 0, 2, 1], "texture": "#0"},
				"up": {"uv": [0, 0, 2, 2], "texture": "#0"},
				"down": {"uv": [0, 0, 2, 2], "texture": "#0"}
			}
		},
		{
			"from": [0, 28, 0],
			"to": [2, 29, 2],
			"faces": {
				"north": {"uv": [0, 0, 2, 1], "texture": "#0"},
				"east": {"uv": [0, 0, 2, 1], "texture": "#0"},
				"south": {"uv": [0, 0, 2, 1], "texture": "#0"},
				"west": {"uv": [0, 0, 2, 1], "texture": "#0"},
				"up": {"uv": [0, 0, 2, 2], "texture": "#0"},
				"down": {"uv": [0, 0, 2, 2], "texture": "#0"}
			}
		},
		{
			"from": [0, 1, 0],
			"to": [1, 28, 2],
			"faces": {
				"north": {"uv": [1, 0, 2, 16], "texture": "#0"},
				"east": {"uv": [5, 0, 7, 16], "texture": "#0"},
				"south": {"uv": [13, 0, 14, 16], "texture": "#0"},
				"west": {"uv": [8, 0, 10, 16], "texture": "#0"},
				"up": {"uv": [0, 0, 1, 2], "texture": "#missing"},
				"down": {"uv": [0, 0, 1, 2], "texture": "#missing"}
			}
		},
		{
			"from": [1, 1, 1],
			"to": [15, 28, 2],
			"rotation": {"angle": 0, "axis": "y", "origin": [8, 24.8875, 0.96875]},
			"faces": {
				"north": {"uv": [0, 0, 14, 16], "texture": "#3"},
				"east": {"uv": [0, 0, 1, 16], "texture": "#missing"},
				"south": {"uv": [0, 0, 14, 16], "texture": "#3"},
				"west": {"uv": [0, 0, 1, 16], "texture": "#missing"},
				"up": {"uv": [0, 0, 14, 1], "texture": "#missing"},
				"down": {"uv": [0, 0, 14, 1], "texture": "#missing"}
			}
		},
		{
			"from": [2, 28, 1],
			"to": [14, 29, 2],
			"rotation": {"angle": 0, "axis": "y", "origin": [8, 24.8875, 0.96875]},
			"faces": {
				"north": {"uv": [4, 3, 16, 4], "texture": "#3"},
				"east": {"uv": [0, 0, 1, 1], "texture": "#missing"},
				"south": {"uv": [4, 3, 16, 4], "texture": "#3"},
				"west": {"uv": [0, 0, 1, 1], "texture": "#missing"},
				"up": {"uv": [15, 0, 16, 12], "rotation": 90, "texture": "#missing"},
				"down": {"uv": [15, 0, 16, 12], "rotation": 90, "texture": "#missing"}
			}
		},
		{
			"from": [3, 29, 1],
			"to": [13, 30, 2],
			"rotation": {"angle": 0, "axis": "y", "origin": [8, 24.8875, 0.96875]},
			"faces": {
				"north": {"uv": [4, 0, 14, 1], "texture": "#3"},
				"east": {"uv": [0, 0, 1, 1], "texture": "#missing"},
				"south": {"uv": [4, 0, 14, 1], "texture": "#3"},
				"west": {"uv": [0, 0, 1, 1], "texture": "#missing"},
				"up": {"uv": [15, 0, 16, 10], "rotation": 90, "texture": "#missing"},
				"down": {"uv": [15, 0, 16, 10], "rotation": 90, "texture": "#missing"}
			}
		},
		{
			"from": [4, 30, 1],
			"to": [12, 31, 2],
			"rotation": {"angle": 0, "axis": "y", "origin": [8, 24.8875, 0.96875]},
			"faces": {
				"north": {"uv": [8, 4, 16, 5], "texture": "#3"},
				"east": {"uv": [0, 0, 1, 1], "texture": "#missing"},
				"south": {"uv": [8, 4, 16, 5], "texture": "#3"},
				"west": {"uv": [0, 0, 1, 1], "texture": "#missing"},
				"up": {"uv": [15, 0, 16, 8], "rotation": 90, "texture": "#missing"},
				"down": {"uv": [15, 0, 16, 8], "rotation": 90, "texture": "#missing"}
			}
		},
		{
			"from": [7, 25.25, 0.5],
			"to": [9, 26.75, 1],
			"rotation": {"angle": 0, "axis": "y", "origin": [8, 24.8875, 0.96875]},
			"faces": {
				"north": {"uv": [7, 5, 9, 6.5], "texture": "#4"},
				"east": {"uv": [7, 5, 7.5, 6.5], "texture": "#4"},
				"south": {"uv": [7, 5, 9, 6.5], "texture": "#4"},
				"west": {"uv": [7, 5, 7.5, 6.5], "texture": "#4"},
				"up": {"uv": [7, 5, 9, 5.5], "texture": "#4"},
				"down": {"uv": [7, 5, 9, 5.5], "texture": "#4"}
			}
		},
		{
			"from": [7, 25.5, 0.25],
			"to": [9, 26.5, 0.5],
			"rotation": {"angle": 0, "axis": "y", "origin": [8, 24.8875, 0.96875]},
			"faces": {
				"north": {"uv": [7, 5, 9, 6], "texture": "#4"},
				"east": {"uv": [7, 5, 7.25, 6], "texture": "#4"},
				"south": {"uv": [7, 5, 9, 6], "texture": "#4"},
				"west": {"uv": [7, 5, 7.25, 6], "texture": "#4"},
				"up": {"uv": [7, 5, 9, 5.25], "texture": "#4"},
				"down": {"uv": [7, 5, 9, 5.25], "texture": "#4"}
			}
		},
		{
			"from": [7, 25.5, 0.75],
			"to": [9, 26.5, 1],
			"rotation": {"angle": 0, "axis": "y", "origin": [8, 24.8875, 0.96875]},
			"faces": {
				"north": {"uv": [7, 5, 9, 6], "texture": "#4"},
				"east": {"uv": [7, 5, 7.25, 6], "texture": "#4"},
				"south": {"uv": [7, 5, 9, 6], "texture": "#4"},
				"west": {"uv": [7, 5, 7.25, 6], "texture": "#4"},
				"up": {"uv": [7, 5, 9, 5.25], "texture": "#4"},
				"down": {"uv": [7, 5, 9, 5.25], "texture": "#4"}
			}
		},
		{
			"from": [7, 23, 0.75],
			"to": [9, 23.5, 1],
			"rotation": {"angle": 0, "axis": "y", "origin": [8, 24.8875, 0.96875]},
			"faces": {
				"north": {"uv": [7, 5, 9, 5.5], "texture": "#4"},
				"east": {"uv": [7, 5, 7.25, 5.5], "texture": "#4"},
				"south": {"uv": [7, 5, 9, 5.5], "texture": "#4"},
				"west": {"uv": [7, 5, 7.25, 5.5], "texture": "#4"},
				"up": {"uv": [7, 5, 9, 5.25], "texture": "#4"},
				"down": {"uv": [7, 5, 9, 5.25], "texture": "#4"}
			}
		},
		{
			"from": [6.5, 24.5, 0.75],
			"to": [7.25, 25.5, 1],
			"rotation": {"angle": 0, "axis": "y", "origin": [8, 24.8875, 0.96875]},
			"faces": {
				"north": {"uv": [7, 5, 7.75, 6], "texture": "#4"},
				"east": {"uv": [7, 5, 7.25, 6], "texture": "#4"},
				"south": {"uv": [7, 5, 7.75, 6], "texture": "#4"},
				"west": {"uv": [7, 5, 7.25, 6], "texture": "#4"},
				"up": {"uv": [7, 5, 7.75, 5.25], "texture": "#4"},
				"down": {"uv": [7, 5, 7.75, 5.25], "texture": "#4"}
			}
		},
		{
			"from": [6.5, 23.5, 0.75],
			"to": [7.25, 24.5, 1],
			"rotation": {"angle": 0, "axis": "y", "origin": [8, 24.8875, 0.96875]},
			"faces": {
				"north": {"uv": [7, 5, 7.75, 6], "texture": "#4"},
				"east": {"uv": [7, 5, 7.25, 6], "texture": "#4"},
				"south": {"uv": [7, 5, 7.75, 6], "texture": "#4"},
				"west": {"uv": [7, 5, 7.25, 6], "texture": "#4"},
				"up": {"uv": [7, 5, 7.75, 5.25], "texture": "#4"},
				"down": {"uv": [7, 5, 7.75, 5.25], "texture": "#4"}
			}
		},
		{
			"from": [6.75, 23.25, 0.75],
			"to": [7, 23.5, 1],
			"rotation": {"angle": 0, "axis": "y", "origin": [8, 24.8875, 0.96875]},
			"faces": {
				"north": {"uv": [7, 5, 7.25, 5.25], "texture": "#4"},
				"east": {"uv": [7, 5, 7.25, 5.25], "texture": "#4"},
				"south": {"uv": [7, 5, 7.25, 5.25], "texture": "#4"},
				"west": {"uv": [7, 5, 7.25, 5.25], "texture": "#4"},
				"up": {"uv": [7, 5, 7.25, 5.25], "texture": "#4"},
				"down": {"uv": [7, 5, 7.25, 5.25], "texture": "#4"}
			}
		},
		{
			"from": [9, 23.25, 0.75],
			"to": [9.25, 23.5, 1],
			"rotation": {"angle": 0, "axis": "y", "origin": [8, 24.8875, 0.96875]},
			"faces": {
				"north": {"uv": [7, 5, 7.25, 5.25], "texture": "#4"},
				"east": {"uv": [7, 5, 7.25, 5.25], "texture": "#4"},
				"south": {"uv": [7, 5, 7.25, 5.25], "texture": "#4"},
				"west": {"uv": [7, 5, 7.25, 5.25], "texture": "#4"},
				"up": {"uv": [7, 5, 7.25, 5.25], "texture": "#4"},
				"down": {"uv": [7, 5, 7.25, 5.25], "texture": "#4"}
			}
		},
		{
			"from": [9, 25.5, 0.75],
			"to": [9.25, 25.75, 1],
			"rotation": {"angle": 0, "axis": "y", "origin": [8, 24.8875, 0.96875]},
			"faces": {
				"north": {"uv": [7, 5, 7.25, 5.25], "texture": "#4"},
				"east": {"uv": [7, 5, 7.25, 5.25], "texture": "#4"},
				"south": {"uv": [7, 5, 7.25, 5.25], "texture": "#4"},
				"west": {"uv": [7, 5, 7.25, 5.25], "texture": "#4"},
				"up": {"uv": [7, 5, 7.25, 5.25], "texture": "#4"},
				"down": {"uv": [7, 5, 7.25, 5.25], "texture": "#4"}
			}
		},
		{
			"from": [6.75, 25.5, 0.75],
			"to": [7, 25.75, 1],
			"rotation": {"angle": 0, "axis": "y", "origin": [8, 24.8875, 0.96875]},
			"faces": {
				"north": {"uv": [7, 5, 7.25, 5.25], "texture": "#4"},
				"east": {"uv": [7, 5, 7.25, 5.25], "texture": "#4"},
				"south": {"uv": [7, 5, 7.25, 5.25], "texture": "#4"},
				"west": {"uv": [7, 5, 7.25, 5.25], "texture": "#4"},
				"up": {"uv": [7, 5, 7.25, 5.25], "texture": "#4"},
				"down": {"uv": [7, 5, 7.25, 5.25], "texture": "#4"}
			}
		},
		{
			"from": [8.5, 25, 0.75],
			"to": [8.75, 25.25, 1],
			"rotation": {"angle": 0, "axis": "y", "origin": [8, 24.8875, 0.96875]},
			"faces": {
				"north": {"uv": [7, 5, 7.25, 5.25], "texture": "#4"},
				"east": {"uv": [7, 5, 7.25, 5.25], "texture": "#4"},
				"south": {"uv": [7, 5, 7.25, 5.25], "texture": "#4"},
				"west": {"uv": [7, 5, 7.25, 5.25], "texture": "#4"},
				"up": {"uv": [7, 5, 7.25, 5.25], "texture": "#4"},
				"down": {"uv": [7, 5, 7.25, 5.25], "texture": "#4"}
			}
		},
		{
			"from": [7.25, 25, 0.75],
			"to": [7.5, 25.25, 1],
			"rotation": {"angle": 0, "axis": "y", "origin": [8, 24.8875, 0.96875]},
			"faces": {
				"north": {"uv": [7, 5, 7.25, 5.25], "texture": "#4"},
				"east": {"uv": [7, 5, 7.25, 5.25], "texture": "#4"},
				"south": {"uv": [7, 5, 7.25, 5.25], "texture": "#4"},
				"west": {"uv": [7, 5, 7.25, 5.25], "texture": "#4"},
				"up": {"uv": [7, 5, 7.25, 5.25], "texture": "#4"},
				"down": {"uv": [7, 5, 7.25, 5.25], "texture": "#4"}
			}
		},
		{
			"from": [7.25, 23.5, 0.75],
			"to": [7.5, 23.75, 1],
			"rotation": {"angle": 0, "axis": "y", "origin": [8, 24.8875, 0.96875]},
			"faces": {
				"north": {"uv": [7, 5, 7.25, 5.25], "texture": "#4"},
				"east": {"uv": [7, 5, 7.25, 5.25], "texture": "#4"},
				"south": {"uv": [7, 5, 7.25, 5.25], "texture": "#4"},
				"west": {"uv": [7, 5, 7.25, 5.25], "texture": "#4"},
				"up": {"uv": [7, 5, 7.25, 5.25], "texture": "#4"},
				"down": {"uv": [7, 5, 7.25, 5.25], "texture": "#4"}
			}
		},
		{
			"from": [8.5, 23.5, 0.75],
			"to": [8.75, 23.75, 1],
			"rotation": {"angle": 0, "axis": "y", "origin": [8, 24.8875, 0.96875]},
			"faces": {
				"north": {"uv": [7, 5, 7.25, 5.25], "texture": "#4"},
				"east": {"uv": [7, 5, 7.25, 5.25], "texture": "#4"},
				"south": {"uv": [7, 5, 7.25, 5.25], "texture": "#4"},
				"west": {"uv": [7, 5, 7.25, 5.25], "texture": "#4"},
				"up": {"uv": [7, 5, 7.25, 5.25], "texture": "#4"},
				"down": {"uv": [7, 5, 7.25, 5.25], "texture": "#4"}
			}
		},
		{
			"from": [8.75, 23.5, 0.75],
			"to": [9.5, 24.5, 1],
			"rotation": {"angle": 0, "axis": "y", "origin": [8, 24.8875, 0.96875]},
			"faces": {
				"north": {"uv": [7, 5, 7.75, 6], "texture": "#4"},
				"east": {"uv": [7, 5, 7.25, 6], "texture": "#4"},
				"south": {"uv": [7, 5, 7.75, 6], "texture": "#4"},
				"west": {"uv": [7, 5, 7.25, 6], "texture": "#4"},
				"up": {"uv": [7, 5, 7.75, 5.25], "texture": "#4"},
				"down": {"uv": [7, 5, 7.75, 5.25], "texture": "#4"}
			}
		},
		{
			"from": [8.75, 24.5, 0.75],
			"to": [9.5, 25.5, 1],
			"rotation": {"angle": 0, "axis": "y", "origin": [8, 24.8875, 0.96875]},
			"faces": {
				"north": {"uv": [7, 5, 7.75, 6], "texture": "#4"},
				"east": {"uv": [7, 5, 7.25, 6], "texture": "#4"},
				"south": {"uv": [7, 5, 7.75, 6], "texture": "#4"},
				"west": {"uv": [7, 5, 7.25, 6], "texture": "#4"},
				"up": {"uv": [7, 5, 7.75, 5.25], "texture": "#4"},
				"down": {"uv": [7, 5, 7.75, 5.25], "texture": "#4"}
			}
		},
		{
			"from": [15, 0, 2],
			"to": [16, 16, 3],
			"faces": {
				"north": {"uv": [0, 0, 1, 16], "texture": "#5"},
				"east": {"uv": [0, 0, 1, 16], "texture": "#missing"},
				"south": {"uv": [0, 0, 1, 16], "texture": "#5"},
				"west": {"uv": [0, 0, 1, 16], "texture": "#5"},
				"up": {"uv": [0, 0, 1, 1], "texture": "#missing"},
				"down": {"uv": [0, 0, 1, 1], "texture": "#5"}
			}
		},
		{
			"from": [15, 16, 2],
			"to": [16, 32, 3],
			"faces": {
				"north": {"uv": [0, 0, 1, 16], "texture": "#5"},
				"east": {"uv": [0, 0, 1, 16], "texture": "#missing"},
				"south": {"uv": [0, 0, 1, 16], "texture": "#5"},
				"west": {"uv": [0, 0, 1, 16], "texture": "#5"},
				"up": {"uv": [0, 0, 1, 1], "texture": "#missing"},
				"down": {"uv": [0, 0, 1, 1], "texture": "#5"}
			}
		},
		{
			"from": [0, 0, 2],
			"to": [1, 16, 3],
			"faces": {
				"north": {"uv": [15, 0, 16, 16], "texture": "#5"},
				"east": {"uv": [0, 0, 1, 3], "texture": "#5"},
				"south": {"uv": [15, 0, 16, 16], "texture": "#5"},
				"west": {"uv": [0, 0, 1, 3], "texture": "#missing"},
				"up": {"uv": [0, 0, 1, 1], "texture": "#missing"},
				"down": {"uv": [0, 0, 1, 1], "texture": "#5"}
			}
		},
		{
			"from": [0, 16, 2],
			"to": [1, 32, 3],
			"faces": {
				"north": {"uv": [15, 0, 16, 16], "texture": "#5"},
				"east": {"uv": [0, 0, 1, 3], "texture": "#5"},
				"south": {"uv": [15, 0, 16, 16], "texture": "#5"},
				"west": {"uv": [0, 0, 1, 3], "texture": "#missing"},
				"up": {"uv": [0, 0, 1, 1], "texture": "#missing"},
				"down": {"uv": [0, 0, 1, 1], "texture": "#5"}
			}
		},
		{
			"from": [1, 30, 2],
			"to": [2, 32, 3],
			"faces": {
				"north": {"uv": [14, 0, 15, 2], "texture": "#5"},
				"east": {"uv": [0, 0, 1, 2], "texture": "#missing"},
				"south": {"uv": [14, 0, 15, 2], "texture": "#5"},
				"west": {"uv": [0, 0, 1, 2], "texture": "#missing"},
				"up": {"uv": [0, 0, 1, 1], "texture": "#missing"},
				"down": {"uv": [0, 0, 1, 1], "texture": "#5"}
			}
		},
		{
			"from": [14, 30, 2],
			"to": [15, 32, 3],
			"faces": {
				"north": {"uv": [1, 0, 2, 2], "texture": "#5"},
				"east": {"uv": [0, 0, 1, 2], "texture": "#missing"},
				"south": {"uv": [1, 0, 2, 2], "texture": "#5"},
				"west": {"uv": [0, 0, 1, 2], "texture": "#missing"},
				"up": {"uv": [0, 0, 1, 1], "texture": "#missing"},
				"down": {"uv": [0, 0, 1, 1], "texture": "#5"}
			}
		},
		{
			"from": [2, 31, 2],
			"to": [14, 32, 3],
			"faces": {
				"north": {"uv": [2, 0, 14, 1], "texture": "#5"},
				"east": {"uv": [0, 0, 1, 1], "texture": "#missing"},
				"south": {"uv": [2, 0, 14, 1], "texture": "#5"},
				"west": {"uv": [0, 0, 1, 1], "texture": "#missing"},
				"up": {"uv": [0, 0, 1, 1], "texture": "#missing"},
				"down": {"uv": [0, 0, 1, 1], "texture": "#5"}
			}
		}
	],
	"display": {
		"gui": {
			"translation": [0, -1.5, 0],
			"scale": [1, 0.23, 1]
		},
		"fixed": {
			"rotation": [0, 90, 0],
			"translation": [-4, -32, -16],
			"scale": [2, 2, 2]
		}
	},
	"groups": [
		{
			"name": "frame",
			"origin": [0, 0, 0],
			"color": 0,
			"children": [0, 1, 2, 3, 4, 5, 6, 7, 8, 9]
		},
		{
			"name": "main_door",
			"origin": [0, 0, 0],
			"color": 0,
			"children": [10, 11, 12, 13]
		},
		{
			"name": "knock",
			"origin": [8, 8, 8],
			"color": 0,
			"children": [14, 15, 16, 17, 18, 19, 20, 21, 22, 23, 24, 25, 26, 27, 28, 29]
		},
		{
			"name": "small_stone_part",
			"origin": [8, 8, 8],
			"color": 0,
			"children": [30, 31, 32, 33, 34, 35, 36]
		}
	]
}