{
	"credit": "Made with Blockbench",
	"textures": {
		"0": "block/sofasmall/sofa_wool",
		"1": "block/sofasmall/sofa_placks",
		"3": "block/sofasmall/sofa_legs"
	},
	"elements": [
		{
			"from": [15, 6, -1],
			"to": [31, 8, 0],
			"rotation": {"angle": 0, "axis": "y", "origin": [15, 6, -1]},
			"faces": {
				"north": {"uv": [0, 0, 16, 2], "texture": "#1"},
				"east": {"uv": [0, 0, 1, 2], "texture": "#1"},
				"south": {"uv": [0, 0, 16, 2], "texture": "#1"},
				"west": {"uv": [0, 0, 1, 2], "texture": "#1"},
				"up": {"uv": [0, 0, 16, 1], "texture": "#1"},
				"down": {"uv": [0, 0, 16, 1], "texture": "#1"}
			}
		},
		{
			"from": [30, 0, 0],
			"to": [31, 6, 1],
			"rotation": {"angle": 0, "axis": "y", "origin": [23, 0, 8]},
			"faces": {
				"north": {"uv": [3, 2, 4, 8], "texture": "#3"},
				"east": {"uv": [14, 1, 15, 7], "texture": "#3"},
				"south": {"uv": [9, 6, 10, 12], "texture": "#3"},
				"west": {"uv": [1, 9, 2, 15], "texture": "#3"},
				"up": {"uv": [0, 0, 1, 1], "texture": "#3"},
				"down": {"uv": [0, 0, 1, 1], "texture": "#3"}
			}
		},
		{
			"from": [30, 1, 15],
			"to": [31, 6, 16],
			"rotation": {"angle": 0, "axis": "y", "origin": [23, 0, 8]},
			"faces": {
				"north": {"uv": [3, 2, 4, 8], "texture": "#3"},
				"east": {"uv": [14, 1, 15, 7], "texture": "#3"},
				"south": {"uv": [9, 6, 10, 12], "texture": "#3"},
				"west": {"uv": [1, 9, 2, 15], "texture": "#3"},
				"up": {"uv": [0, 0, 1, 1], "texture": "#3"},
				"down": {"uv": [0, 0, 1, 1], "texture": "#3"}
			}
		},
		{
			"from": [15, 6, 0],
			"to": [31, 10, 16],
			"rotation": {"angle": 0, "axis": "y", "origin": [23, 0, 8]},
			"faces": {
				"north": {"uv": [0, 0, 16, 4], "texture": "#0"},
				"east": {"uv": [0, 0, 16, 4], "texture": "#missing"},
				"south": {"uv": [0, 0, 16, 4], "texture": "#missing"},
				"west": {"uv": [0, 0, 16, 4], "texture": "#0"},
				"up": {"uv": [0, 0, 16, 16], "texture": "#0"},
				"down": {"uv": [0, 0, 16, 16], "texture": "#1"}
			}
		},
		{
			"from": [28, 10, 0],
			"to": [31, 16, 16],
			"rotation": {"angle": 0, "axis": "y", "origin": [23, 0, 8]},
			"faces": {
				"north": {"uv": [0, 0, 3, 6], "texture": "#0"},
				"east": {"uv": [0, 0, 16, 6], "texture": "#missing"},
				"south": {"uv": [0, 0, 3, 6], "texture": "#missing"},
				"west": {"uv": [0, 0, 16, 6], "texture": "#0"},
				"up": {"uv": [0, 0, 3, 16], "texture": "#0"},
				"down": {"uv": [0, 0, 3, 16], "texture": "#missing"}
			}
		},
		{
			"from": [15, 10, 13],
			"to": [28, 16, 16],
			"rotation": {"angle": 0, "axis": "y", "origin": [15, 10, 13]},
			"faces": {
				"north": {"uv": [0, 0, 13, 6], "texture": "#0"},
				"east": {"uv": [0, 0, 3, 6], "texture": "#missing"},
				"south": {"uv": [0, 0, 13, 6], "texture": "#missing"},
				"west": {"uv": [0, 0, 3, 6], "texture": "#0"},
				"up": {"uv": [0, 0, 13, 3], "texture": "#0"},
				"down": {"uv": [0, 0, 13, 3], "texture": "#missing"}
			}
		},
		{
			"from": [31, 6, -1],
			"to": [32, 17, 17],
			"rotation": {"angle": 0, "axis": "y", "origin": [31, 6, -1]},
			"faces": {
				"north": {"uv": [0, 0, 1, 11], "texture": "#1"},
				"east": {"uv": [0, 0, 16, 11], "texture": "#1"},
				"south": {"uv": [0, 0, 1, 11], "texture": "#1"},
				"west": {"uv": [0, 0, 16, 11], "texture": "#1"},
				"up": {"uv": [0, 0, 1, 16], "texture": "#1"},
				"down": {"uv": [0, 0, 1, 16], "texture": "#1"}
			}
		},
		{
			"from": [15, 6, 16],
			"to": [31, 17, 17],
			"rotation": {"angle": 0, "axis": "y", "origin": [15, 6, 16]},
			"faces": {
				"north": {"uv": [0, 0, 16, 11], "texture": "#1"},
				"east": {"uv": [0, 0, 1, 11], "texture": "#1"},
				"south": {"uv": [0, 0, 16, 11], "texture": "#1"},
				"west": {"uv": [0, 0, 1, 11], "texture": "#1"},
				"up": {"uv": [0, 0, 16, 1], "texture": "#1"},
				"down": {"uv": [0, 0, 16, 1], "texture": "#1"}
			}
		},
		{
			"from": [-1, 6, -1],
			"to": [15, 8, 0],
			"rotation": {"angle": 0, "axis": "y", "origin": [-1, 6, 0]},
			"faces": {
				"north": {"uv": [0, 0, 16, 2], "texture": "#1"},
				"east": {"uv": [0, 0, 1, 2], "texture": "#1"},
				"south": {"uv": [0, 0, 16, 2], "texture": "#1"},
				"west": {"uv": [0, 0, 1, 2], "texture": "#1"},
				"up": {"uv": [0, 0, 16, 1], "texture": "#1"},
				"down": {"uv": [0, 0, 16, 1], "texture": "#1"}
			}
		},
		{
			"from": [-1, 1, 15],
			"to": [0, 6, 16],
			"rotation": {"angle": 0, "axis": "y", "origin": [7, 0, 9]},
			"faces": {
				"north": {"uv": [3, 2, 4, 8], "texture": "#3"},
				"east": {"uv": [14, 1, 15, 7], "texture": "#3"},
				"south": {"uv": [9, 6, 10, 12], "texture": "#3"},
				"west": {"uv": [1, 9, 2, 15], "texture": "#3"},
				"up": {"uv": [0, 0, 1, 1], "texture": "#3"},
				"down": {"uv": [0, 0, 1, 1], "texture": "#3"}
			}
		},
		{
			"from": [-1, 0, 0],
			"to": [0, 6, 1],
			"rotation": {"angle": 0, "axis": "y", "origin": [7, 0, 9]},
			"faces": {
				"north": {"uv": [3, 2, 4, 8], "texture": "#3"},
				"east": {"uv": [14, 1, 15, 7], "texture": "#3"},
				"south": {"uv": [9, 6, 10, 12], "texture": "#3"},
				"west": {"uv": [1, 9, 2, 15], "texture": "#3"},
				"up": {"uv": [0, 0, 1, 1], "texture": "#3"},
				"down": {"uv": [0, 0, 1, 1], "texture": "#3"}
			}
		},
		{
			"from": [-1, 6, 0],
			"to": [15, 10, 16],
			"rotation": {"angle": 0, "axis": "y", "origin": [7, 0, 9]},
			"faces": {
				"north": {"uv": [0, 0, 16, 4], "texture": "#0"},
				"east": {"uv": [0, 0, 16, 4], "texture": "#missing"},
				"south": {"uv": [0, 0, 16, 4], "texture": "#missing"},
				"west": {"uv": [0, 0, 16, 4], "texture": "#0"},
				"up": {"uv": [0, 0, 16, 16], "texture": "#0"},
				"down": {"uv": [0, 0, 16, 16], "texture": "#1"}
			}
		},
		{
			"from": [-1, 10, 0],
			"to": [2, 16, 16],
			"rotation": {"angle": 0, "axis": "y", "origin": [-6, 0, 9]},
			"faces": {
				"north": {"uv": [0, 0, 3, 6], "texture": "#0"},
				"east": {"uv": [0, 0, 16, 6], "texture": "#0"},
				"south": {"uv": [0, 0, 3, 6], "texture": "#missing"},
				"west": {"uv": [0, 0, 16, 6], "texture": "#0"},
				"up": {"uv": [0, 0, 3, 16], "texture": "#0"},
				"down": {"uv": [0, 0, 3, 16], "texture": "#missing"}
			}
		},
		{
			"from": [2, 10, 13],
			"to": [15, 16, 16],
			"rotation": {"angle": 0, "axis": "y", "origin": [2, 10, 14]},
			"faces": {
				"north": {"uv": [0, 0, 13, 6], "texture": "#0"},
				"east": {"uv": [0, 0, 3, 6], "texture": "#missing"},
				"south": {"uv": [0, 0, 13, 6], "texture": "#missing"},
				"west": {"uv": [0, 0, 3, 6], "texture": "#0"},
				"up": {"uv": [0, 0, 13, 3], "texture": "#0"},
				"down": {"uv": [0, 0, 13, 3], "texture": "#missing"}
			}
		},
		{
			"from": [-2, 6, -1],
			"to": [-1, 17, 17],
			"rotation": {"angle": 0, "axis": "y", "origin": [-2, 6, 0]},
			"faces": {
				"north": {"uv": [0, 0, 1, 11], "texture": "#1"},
				"east": {"uv": [0, 0, 16, 11], "texture": "#1"},
				"south": {"uv": [0, 0, 1, 11], "texture": "#1"},
				"west": {"uv": [0, 0, 16, 11], "texture": "#1"},
				"up": {"uv": [0, 0, 1, 16], "texture": "#1"},
				"down": {"uv": [0, 0, 1, 16], "texture": "#1"}
			}
		},
		{
			"from": [-1, 6, 16],
			"to": [15, 17, 17],
			"rotation": {"angle": 0, "axis": "y", "origin": [-1, 6, 17]},
			"faces": {
				"north": {"uv": [0, 0, 16, 11], "texture": "#1"},
				"east": {"uv": [0, 0, 1, 11], "texture": "#1"},
				"south": {"uv": [0, 0, 16, 11], "texture": "#1"},
				"west": {"uv": [0, 0, 1, 11], "texture": "#1"},
				"up": {"uv": [0, 0, 16, 1], "texture": "#1"},
				"down": {"uv": [0, 0, 16, 1], "texture": "#1"}
			}
		},
		{
			"from": [-1, 0, 1],
			"to": [15, 1, 17],
			"faces": {
				"north": {"uv": [0, 0, 16, 1], "texture": "#0"},
				"east": {"uv": [0, 0, 16, 1], "texture": "#0"},
				"south": {"uv": [0, 0, 16, 1], "texture": "#0"},
				"west": {"uv": [0, 0, 16, 1], "texture": "#0"},
				"up": {"uv": [0, 0, 16, 16], "texture": "#0"},
				"down": {"uv": [0, 0, 16, 16], "texture": "#0"}
			}
		},
		{
			"from": [15, 0, 1],
			"to": [31, 1, 17],
			"faces": {
				"north": {"uv": [0, 0, 14, 1], "texture": "#0"},
				"east": {"uv": [0, 0, 16, 1], "texture": "#0"},
				"south": {"uv": [0, 0, 14, 1], "texture": "#0"},
				"west": {"uv": [0, 0, 16, 1], "texture": "#0"},
				"up": {"uv": [0, 0, 16, 16], "texture": "#0"},
				"down": {"uv": [0, 0, 14, 16], "texture": "#0"}
			}
		}
	],
	"display": {
		"thirdperson_lefthand": {
			"scale": [1, 1, 0.96]
		},
		"firstperson_righthand": {
			"rotation": [0, -36.25, 0],
			"translation": [0, 1.75, 0],
			"scale": [0.75, 0.75, 0.75]
		},
		"firstperson_lefthand": {
			"rotation": [0, -36.25, 0],
			"translation": [0, 1.75, 0],
			"scale": [0.75, 0.75, 0.75]
		},
		"ground": {
			"translation": [0, 1.25, 0],
			"scale": [0.5, 0.5, 0.5]
		},
		"gui": {
			"rotation": [45, 35.75, 0],
			"translation": [-1.25, 0.75, 0],
			"scale": [0.6, 0.6, 0.6]
		},
		"head": {
			"rotation": [0, -180, 0],
			"scale": [4, 4, 4]
		},
		"fixed": {
			"rotation": [-90, 0, 0],
			"translation": [2, -2, -46],
			"scale": [2, 2, 2]
		}
	},
	"groups": [
		{
			"name": "left",
			"origin": [15, 6, 16],
			"color": 0,
			"children": [0, 1, 2, 3, 4, 5, 6, 7]
		},
		{
			"name": "right",
			"origin": [15, 6, 16],
			"color": 0,
			"children": [8, 9, 10, 11, 12, 13, 14, 15]
		},
		16,
		17
	]
}