{
	"credit": "Made with Blockbench",
	"parent": "golden_apple",
	"textures": {
		"3": "block/booko/book8",
		"4": "block/booko/book9",
		"5": "block/booko/book10",
		"6": "block/booko/book11",
		"particle": "block/booko/book5"
	},
	"elements": [
		{
			"from": [0, 3, 0],
			"to": [8, 4, 16],
			"rotation": {"angle": -22.5, "axis": "z", "origin": [0, 3, 0]},
			"faces": {
				"north": {"uv": [0, 0, 8, 1], "rotation": 180, "texture": "#5"},
				"east": {"uv": [0, 0, 16, 3], "rotation": 180, "texture": "#4"},
				"south": {"uv": [0, 0, 8, 1], "texture": "#5"},
				"west": {"uv": [0, 0, 16, 3], "texture": "#4"},
				"up": {"uv": [0, 0, 16, 10], "rotation": 270, "texture": "#5"},
				"down": {"uv": [0, 0, 16, 10], "rotation": 90, "texture": "#6"}
			}
		},
		{
			"from": [8, 0, 0],
			"to": [16, 1, 16],
			"rotation": {"angle": 22.5, "axis": "z", "origin": [8, 0, 0]},
			"faces": {
				"north": {"uv": [0, 0, 8, 1], "rotation": 180, "texture": "#5"},
				"east": {"uv": [0, 0, 16, 3], "rotation": 180, "texture": "#4"},
				"south": {"uv": [0, 0, 8, 1], "texture": "#5"},
				"west": {"uv": [0, 0, 16, 3], "texture": "#4"},
				"up": {"uv": [0, 0, 16, 10], "rotation": 270, "texture": "#6"},
				"down": {"uv": [0, 0, 16, 10], "rotation": 90, "texture": "#5"}
			}
		},
		{
			"from": [8, 1, 1],
			"to": [15, 2, 15],
			"rotation": {"angle": 22.5, "axis": "z", "origin": [8, 1, 1]},
			"faces": {
				"north": {"uv": [0, 0, 13, 3], "texture": "#3"},
				"east": {"uv": [0, 0, 14, 3], "texture": "#3"},
				"south": {"uv": [0, 0, 13, 3], "texture": "#3"},
				"west": {"uv": [0, 0, 14, 3], "texture": "#3"},
				"up": {"uv": [0, 0, 14, 3], "texture": "#3"},
				"down": {"uv": [0, 0, 14, 3], "texture": "#3"}
			}
		},
		{
			"from": [1, 0.8, 1],
			"to": [8, 1.8, 15],
			"rotation": {"angle": -22.5, "axis": "z", "origin": [8, 1, 1]},
			"faces": {
				"north": {"uv": [0, 0, 13, 3], "texture": "#3"},
				"east": {"uv": [0, 0, 14, 3], "texture": "#3"},
				"south": {"uv": [0, 0, 13, 3], "texture": "#3"},
				"west": {"uv": [0, 0, 14, 3], "texture": "#3"},
				"up": {"uv": [0, 0, 14, 3], "rotation": 180, "texture": "#3"},
				"down": {"uv": [0, 0, 14, 3], "rotation": 180, "texture": "#3"}
			}
		}
	],
	"display": {
		"gui": {
			"rotation": [37, 0, 0],
			"translation": [0.25, 4.25, 0],
			"scale": [0.9, 0.9, 0.9]
		}
	}
}